flag,file_name,query,context,answer,kimi_response,result_score,faithfulness,faithfulness_statements,faithfulness_flag,cr_q,cr_q1,cr_q2,context_relevance_response,cr_gt,context_recall_statements,context_recall_flag,ar,ar_gen_questions,ar_sim_sum,ac,ac_1,ac_2,answer_correctness_response,ai,coverage,density,keywards,matched_keywards,answer_sentences,gt_sentences,answer_words,gt_words
1,重磅！被疯传的高盛中国房地产结论原文,这个文档的主要内容是什么？,"recommendations or other information recommending or suggesting an investment strategy and for disclosure of particular interests or indications of
report, unless indicated otherwise at the end of the text. Canada: This information is being provided to you for information purposes only and is not,
performance of, or provide analysis of, individual companies within any industry or sector we describe.
to the site visit or meeting. To the extent that the contents of this document contains any ﬁnancial product advice, it is general advice only and has
appropriate, seek professional advice, including tax advice. The price and value of investments referred to in this research and the income from them",这个文档的主要内容是提供信息性资料，不包含针对个别公司、行业或行业的详细投资建议或分析。它被视为一般性财务产品建议，如果涉及投资，强调读者应寻求专业意见，包括税务咨询。价格和投资的价值并非由文档决定，而是可能需要进一步的专业评估。,"这份文档是由高盛（Goldman Sachs）亚洲经济分析师撰写的研究报告，主要内容包括对中国和美国房地产市场低迷时期的比较分析。报告指出，尽管两国在发展阶段、市场低迷的触发因素以及泡沫破裂后的传导机制上存在许多差异，但中国仍能从美国的经历中汲取教训。

报告的主要观点包括：

1. **市场峰值时房价对比**：2006年美国和2021年中国的房价都过高，但原因不同。美国是由于过于宽松的放贷标准刺激了住房需求，而中国的问题在于地方政府对土地销售的垄断和依赖。

2. **房价与收入比**：2006年美国的平均房价与收入比为3.5，而2021年中国的比率高达7.8。

3. **地方政府财政改革**：中国政府自2016年以来一直在试图控制高房价，但根本的改变可能需要地方财政改革。

4. **经济体差异**：新兴市场经济体（EM）通常不会经历大幅度的名义房价下降，而发达市场经济体（DM）则不同。

5. **房价调整**：中国的名义价格下降对家庭资产负债表、信贷表现和银行损失的影响更大，持续的低通胀可能会使中国的房地产去杠杆过程比典型的EM房地产泡沫破裂更为痛苦。

6. **市场低迷期**：房地产市场一旦开始低迷，通常会持续很长时间。报告估计，从2021年第三季度到2023年第三季度，中国的实际房价下降了16%。

7. **政策制定者的角色**：政策制定者需要防止房地产泡沫破裂对实体经济的溢出效应。

8. **教训**：报告总结了三个从美国次贷危机中汲取的教训：去杠杆化对经济的痛苦影响、银行在房地产泡沫破裂后行为极其保守，以及政策制定者需要防止房地产低迷对实体经济的负面影响。

报告还包含了一些分析师的联系信息、版权声明和免责声明，以及一些关于如何获取更多信息和加入相关微信群的说明。",2.642877232677459,0.6666666666666666,"{'陈述1': '文档的目标是提供信息性资料。', '陈述2': '文档不包含针对特定公司的投资建议或分析。', '陈述3': '它是作为一般性财务产品建议看待的。', '陈述4': '如果涉及投资,文档强调需寻求专业意见,如税务咨询。', '陈述5': '价格和投资价值的决定超出了文档的范围。', '陈述6': '可能需要进行专业评估来确定价格和投资价值。'}","{'陈述1': 1, '陈述2': 1, '陈述3': 1, '陈述4': 1, '陈述5': 0, '陈述6': 0}",0.1,0.2,0.0,"['This information is being provided to you for information purposes only and is not, performance of, or provide analysis of, individual companies within any industry or sector we describe.']",0.8888888888888888,"['这份文档是高盛亚洲经济分析师撰写的关于中国和美国房地产市场比较的研究报告。', '报告指出2006年美国和2021年中国房价过高,原因各异：美国因宽松贷款,中国因地方政府的土地垄断。', '2006年美国房价与收入比为3.5,2021年中国的为7.8,显示中国问题更严重。', '中国政府自2016年起试图控制高房价,可能需进行地方财政改革。', '新兴市场经济体如中国不易经历大幅房价名义下降,而发达市场经济体如美国则有不同经历。', '中国房地产市场在2021年Q3至2023年Q3间实际房价下降16%,调整痛苦且可能持续时间长。', '政策制定者需关注房地产泡沫对实体经济的溢出效应,防止其负面影响。', '报告总结了美国次贷危机的三个教训,包括去杠杆化的影响、银行行为和政策制定者责任。', '报告包含分析师联系信息、版权声明、免责声明及获取更多信息和加入微信群的说明。']","{'这份文档是高盛亚洲经济分析师撰写的关于中国和美国房地产市场比较的研究报告。': 0, '报告指出2006年美国和2021年中国房价过高,原因各异：美国因宽松贷款,中国因地方政府的土地垄断。': 1, '2006年美国房价与收入比为3.5,2021年中国的为7.8,显示中国问题更严重。': 1, '中国政府自2016年起试图控制高房价,可能需进行地方财政改革。': 1, '新兴市场经济体如中国不易经历大幅房价名义下降,而发达市场经济体如美国则有不同经历。': 1, '中国房地产市场在2021年Q3至2023年Q3间实际房价下降16%,调整痛苦且可能持续时间长。': 1, '政策制定者需关注房地产泡沫对实体经济的溢出效应,防止其负面影响。': 1, '报告总结了美国次贷危机的三个教训,包括去杠杆化的影响、银行行为和政策制定者责任。': 1, '报告包含分析师联系信息、版权声明、免责声明及获取更多信息和加入微信群的说明。': 1}",0.5428364,"['这个文档的主要目的是什么？', '对于投资决策,文档提供的建议是什么？', '文档是否包含针对特定公司的投资建议？', '阅读者在投资前需要考虑哪些外部因素？', '文档对投资者的税务咨询有何建议？', '价格和投资价值如何确定,并非由文档提供的依据是什么？']",[0.8823992  0.5703601  0.5312048  0.2992432  0.51226085 0.46155035],0.35052384871702924,0.3076923076923077,0.3790782,"{'TP': ['报告指出,尽管两国在发展阶段、市场低迷的触发因素以及泡沫破裂后的传导机制上存在许多差异', '报告总结了三个从美国次贷危机中汲取的教训：去杠杆化对经济的痛苦影响、银行在房地产泡沫破裂后行为极其保守,以及政策制定者需要防止房地产低迷对实体经济的负面影响'], 'FP': ['不包含针对个别公司、行业或行业的详细投资建议或分析。它被视为一般性财务产品建议,如果涉及投资,强调读者应寻求专业意见,包括税务咨询。价格和投资的价值并非由文档决定,而是可能需要进一步的专业评估'], 'FN': ['主要内容包括对中国和美国房地产市场低迷时期的比较分析', '市场峰值时房价对比：2006年美国和2021年中国的房价都过高,但原因不同', '房价与收入比：2006年美国的平均房价与收入比为3.5,而2021年中国的比率高达7.8', '地方政府财政改革：中国政府自2016年以来一直在试图控制高房价', '经济体差异：新兴市场经济体（EM）通常不会经历大幅度的名义房价下降,而发达市场经济体（DM）则不同', '房价调整：中国的名义价格下降对家庭资产负债表、信贷表现和银行损失的影响更大', '市场低迷期：房地产市场一旦开始低迷,通常会持续很长时间', '报告还包含了一些分析师的联系信息、版权声明和免责声明,以及一些关于如何获取更多信息和加入相关微信群的说明']}",0.09396140071627537,0.0,0.18792280143255075,"['高盛', '研究报告', '中国', '美国', '房地产市场', '比较分析', '市场峰值', '房价', '收入比', '地方政府财政改革', '经济体差异', '名义价格下降', '去杠杆化', '实体经济', '政策制定者', '教训', '次贷危机', '微信群']",[],"['这个文档的主要内容是提供信息性资料，不包含针对个别公司、行业或行业的详细投资建议或分析。', '它被视为一般性财务产品建议，如果涉及投资，强调读者应寻求专业意见，包括税务咨询。', '价格和投资的价值并非由文档决定，而是可能需要进一步的专业评估。']","['这份文档是由高盛（Goldman Sachs）亚洲经济分析师撰写的研究报告，主要内容包括对中国和美国房地产市场低迷时期的比较分析。', '报告指出，尽管两国在发展阶段、市场低迷的触发因素以及泡沫破裂后的传导机制上存在许多差异，但中国仍能从美国的经历中汲取教训。', '报告的主要观点包括：', '1. **市场峰值时房价对比**：2006年美国和2021年中国的房价都过高，但原因不同。', '美国是由于过于宽松的放贷标准刺激了住房需求，而中国的问题在于地方政府对土地销售的垄断和依赖。', '2. **房价与收入比**：2006年美国的平均房价与收入比为3.5，而2021年中国的比率高达7.8。', '3. **地方政府财政改革**：中国政府自2016年以来一直在试图控制高房价，但根本的改变可能需要地方财政改革。', '4. **经济体差异**：新兴市场经济体（EM）通常不会经历大幅度的名义房价下降，而发达市场经济体（DM）则不同。', '5. **房价调整**：中国的名义价格下降对家庭资产负债表、信贷表现和银行损失的影响更大，持续的低通胀可能会使中国的房地产去杠杆过程比典型的EM房地产泡沫破裂更为痛苦。', '6. **市场低迷期**：房地产市场一旦开始低迷，通常会持续很长时间。', '报告估计，从2021年第三季度到2023年第三季度，中国的实际房价下降了16%。', '7. **政策制定者的角色**：政策制定者需要防止房地产泡沫破裂对实体经济的溢出效应。', '8. **教训**：报告总结了三个从美国次贷危机中汲取的教训：去杠杆化对经济的痛苦影响、银行在房地产泡沫破裂后行为极其保守，以及政策制定者需要防止房地产低迷对实体经济的负面影响。', '报告还包含了一些分析师的联系信息、版权声明和免责声明，以及一些关于如何获取更多信息和加入相关微信群的说明。']","['这个', '文档', '的', '主要', '内容', '是', '提供', '信息性', '资料', '不', '包含', '针对', '个别', '公司', '行业', '或', '行业', '的', '详细', '投资', '建议', '或', '分析', '它', '被', '视为', '一般性', '财务', '产品', '建议', '如果', '涉及', '投资', '强调', '读者', '应', '寻求', '专业', '意见', '包括', '税务', '咨询', '价格', '和', '投资', '的', '价值', '并非', '由', '文档', '决定', '而是', '可能', '需要', '进一步', '的', '专业', '评估']","['这', '份', '文档', '是', '由', '高盛', 'Goldman', 'Sachs', '亚洲', '经济', '分析', '师', '撰写', '的', '研究', '报告', '主要', '内容', '包括', '对', '中国', '和', '美国', '房地产', '市场', '低迷', '时期', '的', '比较', '分析', '报告', '指出', '尽管', '两', '国', '在', '发展', '阶段', '市场', '低迷', '的', '触发', '因素', '以及', '泡沫', '破裂', '后', '的', '传导', '机制', '上', '存在', '许多', '差异', '但', '中国', '仍', '能', '从', '美国', '的', '经历', '中', '汲取', '教训', '报告', '的', '主要', '观点', '包括', '1.', '市场', '峰值', '时', '房价', '对比', '2006年', '美国', '和', '2021年', '中国', '的', '房价', '都', '过', '高', '但', '原因', '不同', '美国', '是', '由于', '过于', '宽松', '的', '放贷', '标准', '刺激', '了', '住房', '需求', '而', '中国', '的', '问题', '在于', '地方', '政府', '对', '土地', '销售', '的', '垄断', '和', '依赖', '2.', '房价', '与', '收入', '比', '2006年', '美国', '的', '平均', '房价', '与', '收入', '比', '为', '3.5', '而', '2021年', '中国', '的', '比率', '高', '达', '7.8', '3.', '地方', '政府', '财政', '改革', '中国', '政府', '自', '2016年', '以来', '一直', '在', '试图', '控制', '高', '房价', '但', '根本', '的', '改变', '可能', '需要', '地方', '财政', '改革', '4.', '经济体', '差异', '新兴', '市场经济', '体', 'EM', '通常', '不', '会', '经历', '大', '幅度', '的', '名义', '房价', '下降', '而', '发达', '市场经济', '体', 'DM', '则', '不同', '5.', '房价', '调整', '中国', '的', '名义', '价格', '下降', '对', '家庭', '资产', '负债表', '信贷', '表现', '和', '银行', '损失', '的', '影响', '更', '大', '持续', '的', '低', '通胀', '可能', '会', '使', '中国', '的', '房地产', '去', '杠杆', '过程', '比', '典型', '的', 'EM', '房地产', '泡沫', '破裂', '更为', '痛苦', '6.', '市场', '低迷', '期', '房地产', '市场', '一旦', '开始', '低迷', '通常', '会', '持续', '很', '长', '时间', '报告', '估计', '从', '2021年', '第三', '季度', '到', '2023年', '第三', '季度', '中国', '的', '实际', '房价', '下降', '了', '16%', '7.', '政策', '制定', '者', '的', '角色', '政策', '制定', '者', '需要', '防止', '房地产', '泡沫', '破裂', '对', '实体', '经济', '的', '溢出', '效应', '8.', '教训', '报告', '总结', '了', '三', '个', '从', '美国', '次', '贷', '危机', '中', '汲取', '的', '教训', '去', '杠杆', '化', '对', '经济', '的', '痛苦', '影响', '银行', '在', '房地产', '泡沫', '破裂', '后', '行为', '极其', '保守', '以及', '政策', '制定', '者', '需要', '防止', '房地产', '低迷', '对', '实体', '经济', '的', '负面', '影响', '报告', '还', '包含', '了', '一些', '分析', '师', '的', '联系', '信息', '版权', '声明', '和', '免责', '声明', '以及', '一些', '关于', '如何', '获取', '更', '多', '信息', '和', '加入', '相关', '微信', '群', '的', '说明']"
1,莱布尼茨,这个文档回答了哪些常见问题或疑问？,"why and how there is a contradiction in this connection.
4. Does the Principle of Identity of Indiscernibles follow from Leibniz’s conception of substance? 10210160413 邢凝（Xing Ning）Nicole
Firstly, we can refute the contradiction that exists between Leibniz's concept of individual substance and contingency, which brings into question the definition of the concept of individual substance; secondly, we can discuss the PII and the
will begin by describing what constitutes the concept of substance in Leibniz's writing, then analyze the Principle of Identity of Indiscernibles and how it relates to the substance, and finally argue why and how there is a contradiction in this
The second possible counter-argument is related to Leibniz's definition of the notion of individual substance, in which he states that the ""complete concept"" contains all predicates. When we apply predicates to PII, we need to reconsider whether","这个文档回答了关于莱布尼茨的物质概念与个体性原则（Principle of Identity of Indiscernibles, PII）之间可能存在的矛盾。它探讨了如何反驳这种矛盾，首先定义了莱布尼茨著作中的物质概念，然后分析了PII与物质的关系，并提出了为什么以及如何在这个关联中存在矛盾。此外，文档还涉及到了对个体物质定义的批判，即其包含所有谓词的特性，以及这如何影响对PII的适用性。因此，文档可能解答了如下问题：

1. 莱布尼茨的物质理论是否导致了个体性原则的矛盾？
2. 如何理解个体物质的概念并解决与PII的冲突？
3. PII与莱布尼茨的“完全概念”理论之间的关系是什么？

文档没有直接回答的问题可能是：

4. PII是否确实从莱布尼茨的物质概念中推导出来？
5. 如何具体论证这个矛盾？
6. 解决矛盾的方法对哲学或逻辑学有什么实际意义？ 

由于文档内容是专业性质的分析，它可能对深入理解莱布尼茨哲学的学生或学者有帮助。","这个文档探讨了莱布尼茨（Leibniz）的哲学概念，特别是他关于物质（substance）的构想以及不可分辨者身份原则（Principle of Identity of Indiscernibles，简称PII）是否从这一构想中得出的问题。以下是文档中回答的一些关键问题或疑问：

1. **莱布尼茨的物质概念是什么？**
   文档首先描述了莱布尼茨在《形而上学论述》（Discourse on Metaphysics）中对个体物质概念的系统阐述。他不仅进行了静态逻辑分析，还进行了动态现实主义分析。

2. **PII是如何从莱布尼茨的物质概念中推导出来的？**
   文档分析了PII与物质概念的关系，并讨论了为什么和如何存在矛盾。莱布尼茨认为，两个事物在所有方面都不可能是完全相同的；即使它们在外观上看起来相同，它们也必须在某些内在特征上有所不同。

3. **PII与物质概念之间存在哪些矛盾？**
   文档探讨了PII与个体物质概念之间的矛盾，包括莱布尼茨如何通过引入“ex hypothesi”和“绝对必然”之间的区别来避免必然性和偶然性真理之间的区别问题。

4. **个体物质概念是否预设了一个必然预定的、决定论的世界？**
   文档讨论了莱布尼茨的物质概念是否预设了一个必然预定的、决定论的世界，这引发了对偶然性和必然性真理之间区别的担忧。

5. **个体物质的完整概念是否包含所有谓词？**
   文档探讨了莱布尼茨关于个体物质的完整概念是否包含所有谓词的定义，以及这与PII的关系。

6. **身份谓词是否存在于完整概念中？**
   文档讨论了身份谓词（例如与a相同）是否存在于完整概念中，以及这是否会影响PII的有效性。

7. **莱布尼茨的原则是否假设了两个完全相似的个体概念是不可能的？**
   文档指出莱布尼茨的原则假设了两个完全相似的个体概念是不可能的，并且这反映了他对纯粹数量谓词允许完整个体概念保持纯粹质量性的观点。

通过这些讨论，文档试图展示莱布尼茨哲学中关于物质和PII的复杂关系，并指出其中存在的潜在矛盾和问题。",3.3531396211961697,0.7,"{'陈述1': '这个文档讨论了莱布尼茨的物质概念与个体性原则的矛盾。', '陈述2': '文档解析了如何在莱布尼茨的物质理论中反驳个体性原则的矛盾。', '陈述3': '文档定义了莱布尼茨的物质概念以分析其与PII的关系。', '陈述4': '文档涉及个体物质的定义及其对PII适用性的批判。', '陈述5': '文档探讨了个体物质包含所有谓词特性的含义对PII的影响。', '陈述6': '文档可能解答了莱布尼茨物质理论导致的PII矛盾问题。', '陈述7': '文档未直接回答PII是否源自莱布尼茨物质概念的问题。', '陈述8': '文档未详述如何具体证明矛盾的论证过程。', '陈述9': '文档可能对理解莱布尼茨哲学有深度价值,特别是对学生和学者。', '陈述10': '文档的解决方案对哲学或逻辑学的实际意义未在文中明确阐述。'}","{'陈述1': 1, '陈述2': 1, '陈述3': 1, '陈述4': 1, '陈述5': 1, '陈述6': 1, '陈述7': 0, '陈述8': 0, '陈述9': 1, '陈述10': 0}",0.43333333333333335,0.6666666666666666,0.2,"['Does the Principle of Identity of Indiscernibles follow from Leibniz’s conception of substance?', 'What constitutes the concept of substance in Leibniz’s writing?', 'How does the Principle of Identity of Indiscernibles relate to substance according to Leibniz?', 'Why and how does a contradiction exist between Leibniz’s concept of substance and the Principle of Identity of Indiscernibles?']",0.625,"['文档探讨了莱布尼茨的物质概念,包括其静态和动态分析。', 'PII是从莱布尼茨的物质概念中推导出的原则,涉及事物内在特征的差异。', '文档分析了PII与物质概念的矛盾,涉及必然性和偶然性真理的区别。', '莱布尼茨的物质概念被讨论是否预设了一个决定论的世界。', '个体物质概念的完整性与所有谓词的关系是文档内容的一部分。', '身份谓词在完整概念中的存在影响了PII的有效性。', '莱布尼茨的原则假设不可能有两个完全相似的个体。', '文档揭示了莱布尼茨哲学中关于物质和PII的复杂关系及其潜在问题。']","{'文档探讨了莱布尼茨的物质概念,包括其静态和动态分析。': 1, 'PII是从莱布尼茨的物质概念中推导出的原则,涉及事物内在特征的差异。': 0, '文档分析了PII与物质概念的矛盾,涉及必然性和偶然性真理的区别。': 1, '莱布尼茨的物质概念被讨论是否预设了一个决定论的世界。': 0, '个体物质概念的完整性与所有谓词的关系是文档内容的一部分。': 1, '身份谓词在完整概念中的存在影响了PII的有效性。': 1, '莱布尼茨的原则假设不可能有两个完全相似的个体。': 0, '文档揭示了莱布尼茨哲学中关于物质和PII的复杂关系及其潜在问题。': 1}",0.33676958,"['莱布尼茨的物质概念是否与个体性原则产生冲突?', '个体物质的定义如何导致与莱布尼茨的个体性原则矛盾?', '莱布尼茨的‘完全概念’理论如何与个体性原则在物质观上相互作用?', '个体性原则是否直接源自莱布尼茨的物质理论?', '如何通过具体的例子说明莱布尼茨物质理论与个体性原则的矛盾?', '解决莱布尼茨物质概念与个体性原则矛盾的方法对哲学研究有何重要性?']",[0.34403735 0.34458464 0.3085185  0.3124778  0.35544538 0.35555366],0.8405304617351955,0.7777777777777778,0.8823656,"{'TP': ['文档首先描述了莱布尼茨在《形而上学论述》中对个体物质概念的系统阐述。', '文档分析了PII与物质概念的关系,并讨论了为什么和如何存在矛盾。', '文档探讨了PII与个体物质概念之间的矛盾,包括莱布尼茨如何通过引入‘ex hypothesi’和‘绝对必然’之间的区别来避免必然性和偶然性真理之间的区别问题。', '文档讨论了莱布尼茨的物质概念是否预设了一个必然预定的、决定论的世界。', '文档探讨了个体物质的完整概念是否包含所有谓词,以及这与PII的关系。', '文档讨论了身份谓词（例如与a相同）是否存在于完整概念中,以及这是否会影响PII的有效性。', '文档指出莱布尼茨的原则假设了两个完全相似的个体概念是不可能的。'], 'FP': ['文档可能解答了如下问题：'], 'FN': ['PII是否确实从莱布尼茨的物质概念中推导出来？', '如何具体论证这个矛盾？', '解决矛盾的方法对哲学或逻辑学有什么实际意义？']}",0.4175062452865762,0.35294117647058826,0.4820713141025641,"['莱布尼茨', '哲学概念', '物质', '不可分辨者身份原则', 'PII', '《形而上学论述》', '个体物质概念', '推导', '矛盾', '决定论', '偶然性', '完整概念', '身份谓词', '原则', '预设', '数量谓词', '质量性']","['莱布尼茨', '物质', 'PII', '推导', '矛盾', '原则']","['这个文档回答了关于莱布尼茨的物质概念与个体性原则（Principle of Identity of Indiscernibles, PII）之间可能存在的矛盾。', '它探讨了如何反驳这种矛盾，首先定义了莱布尼茨著作中的物质概念，然后分析了PII与物质的关系，并提出了为什么以及如何在这个关联中存在矛盾。', '此外，文档还涉及到了对个体物质定义的批判，即其包含所有谓词的特性，以及这如何影响对PII的适用性。', '因此，文档可能解答了如下问题：', '1. 莱布尼茨的物质理论是否导致了个体性原则的矛盾？', '2. 如何理解个体物质的概念并解决与PII的冲突？', '3. PII与莱布尼茨的“完全概念”理论之间的关系是什么？', '文档没有直接回答的问题可能是：', '4. PII是否确实从莱布尼茨的物质概念中推导出来？', '5. 如何具体论证这个矛盾？', '6. 解决矛盾的方法对哲学或逻辑学有什么实际意义？', '由于文档内容是专业性质的分析，它可能对深入理解莱布尼茨哲学的学生或学者有帮助。']","['这个文档探讨了莱布尼茨（Leibniz）的哲学概念，特别是他关于物质（substance）的构想以及不可分辨者身份原则（Principle of Identity of Indiscernibles，简称PII）是否从这一构想中得出的问题。', '以下是文档中回答的一些关键问题或疑问：', '1. **莱布尼茨的物质概念是什么？', '**', '文档首先描述了莱布尼茨在《形而上学论述》（Discourse on Metaphysics）中对个体物质概念的系统阐述。', '他不仅进行了静态逻辑分析，还进行了动态现实主义分析。', '2. **PII是如何从莱布尼茨的物质概念中推导出来的？', '**', '文档分析了PII与物质概念的关系，并讨论了为什么和如何存在矛盾。', '莱布尼茨认为，两个事物在所有方面都不可能是完全相同的；即使它们在外观上看起来相同，它们也必须在某些内在特征上有所不同。', '3. **PII与物质概念之间存在哪些矛盾？', '**', '文档探讨了PII与个体物质概念之间的矛盾，包括莱布尼茨如何通过引入“ex hypothesi”和“绝对必然”之间的区别来避免必然性和偶然性真理之间的区别问题。', '4. **个体物质概念是否预设了一个必然预定的、决定论的世界？', '**', '文档讨论了莱布尼茨的物质概念是否预设了一个必然预定的、决定论的世界，这引发了对偶然性和必然性真理之间区别的担忧。', '5. **个体物质的完整概念是否包含所有谓词？', '**', '文档探讨了莱布尼茨关于个体物质的完整概念是否包含所有谓词的定义，以及这与PII的关系。', '6. **身份谓词是否存在于完整概念中？', '**', '文档讨论了身份谓词（例如与a相同）是否存在于完整概念中，以及这是否会影响PII的有效性。', '7. **莱布尼茨的原则是否假设了两个完全相似的个体概念是不可能的？', '**', '文档指出莱布尼茨的原则假设了两个完全相似的个体概念是不可能的，并且这反映了他对纯粹数量谓词允许完整个体概念保持纯粹质量性的观点。', '通过这些讨论，文档试图展示莱布尼茨哲学中关于物质和PII的复杂关系，并指出其中存在的潜在矛盾和问题。']","['这个', '文档', '回答', '了', '关于', '莱布尼茨', '的', '物质', '概念', '与', '个体', '性', '原则', 'Principle', 'of', 'Identity', 'of', 'Indiscernibles', 'PII', '之间', '可能', '存在', '的', '矛盾', '它', '探讨', '了', '如何', '反驳', '这种', '矛盾', '首先', '定义', '了', '莱布尼茨', '著作', '中', '的', '物质', '概念', '然后', '分析', '了', 'PII', '与', '物质', '的', '关系', '并', '提出', '了', '为什么', '以及', '如何', '在', '这个', '关联', '中', '存在', '矛盾', '此外', '文档', '还', '涉及', '到', '了', '对', '个体', '物质', '定义', '的', '批判', '即', '其', '包含', '所有', '谓词', '的', '特性', '以及', '这', '如何', '影响', '对', 'PII', '的', '适用性', '因此', '文档', '可能', '解答', '了', '如下', '问题', '1.', '莱布尼茨', '的', '物质', '理论', '是否', '导致', '了', '个体', '性', '原则', '的', '矛盾', '2.', '如何', '理解', '个体', '物质', '的', '概念', '并', '解决', '与', 'PII', '的', '冲突', '3.', 'PII', '与', '莱布尼茨', '的', '完全', '概念', '理论', '之间', '的', '关系', '是', '什么', '文档', '没有', '直接', '回答', '的', '问题', '可能', '是', '4.', 'PII', '是否', '确实', '从', '莱布尼茨', '的', '物质', '概念', '中', '推导', '出来', '5.', '如何', '具体', '论证', '这个', '矛盾', '6.', '解决', '矛盾', '的', '方法', '对', '哲学', '或', '逻辑学', '有', '什么', '实际', '意义', '由于', '文档', '内容', '是', '专业', '性质', '的', '分析', '它', '可能', '对', '深入', '理解', '莱布尼茨', '哲学', '的', '学生', '或', '学者', '有', '帮助']","['这个', '文档', '探讨', '了', '莱布尼茨', 'Leibniz', '的', '哲学', '概念', '特别', '是', '他', '关于', '物质', 'substance', '的', '构想', '以及', '不可', '分辨', '者', '身份', '原则', 'Principle', 'of', 'Identity', 'of', 'Indiscernibles', '简称', 'PII', '是否', '从', '这', '一', '构想', '中', '得出', '的', '问题', '以下', '是', '文档', '中', '回答', '的', '一些', '关键', '问题', '或', '疑问', '1.', '莱布尼茨', '的', '物质', '概念', '是', '什么', '文档', '首先', '描述', '了', '莱布尼茨', '在', '形而上学', '论述', 'Discourse', 'on', 'Metaphysics', '中', '对', '个体', '物质', '概念', '的', '系统', '阐述', '他', '不仅', '进行', '了', '静态', '逻辑', '分析', '还', '进行', '了', '动态', '现实主义', '分析', '2.', 'PII', '是', '如何', '从', '莱布尼茨', '的', '物质', '概念', '中', '推导', '出来', '的', '文档', '分析', '了', 'PII', '与', '物质', '概念', '的', '关系', '并', '讨论', '了', '为什么', '和', '如何', '存在', '矛盾', '莱布尼茨', '认为', '两', '个', '事物', '在', '所有', '方面', '都', '不', '可能', '是', '完全', '相同', '的', '即使', '它们', '在', '外观', '上', '看', '起来', '相同', '它们', '也', '必须', '在', '某些', '内在', '特征', '上', '有所不同', '3.', 'PII', '与', '物质', '概念', '之间', '存在', '哪些', '矛盾', '文档', '探讨', '了', 'PII', '与', '个体', '物质', '概念', '之间', '的', '矛盾', '包括', '莱布尼茨', '如何', '通过', '引入', 'ex', 'hypothesi', '和', '绝对', '必然', '之间', '的', '区别', '来', '避免', '必然性', '和', '偶然性', '真理', '之间', '的', '区别', '问题', '4.', '个体', '物质', '概念', '是否', '预', '设', '了', '一个', '必然', '预定', '的', '决定论', '的', '世界', '文档', '讨论', '了', '莱布尼茨', '的', '物质', '概念', '是否', '预', '设', '了', '一个', '必然', '预定', '的', '决定论', '的', '世界', '这', '引发', '了', '对', '偶然性', '和', '必然性', '真理', '之间', '区别', '的', '担忧', '5.', '个体', '物质', '的', '完整', '概念', '是否', '包含', '所有', '谓词', '文档', '探讨', '了', '莱布尼茨', '关于', '个体', '物质', '的', '完整', '概念', '是否', '包含', '所有', '谓词', '的', '定义', '以及', '这', '与', 'PII', '的', '关系', '6.', '身份', '谓词', '是否', '存在', '于', '完整', '概念', '中', '文档', '讨论', '了', '身份', '谓词', '例如', '与', 'a', '相同', '是否', '存在', '于', '完整', '概念', '中', '以及', '这', '是否', '会', '影响', 'PII', '的', '有效性', '7.', '莱布尼茨', '的', '原则', '是否', '假设', '了', '两', '个', '完全', '相似', '的', '个体', '概念', '是', '不', '可能', '的', '文档', '指出', '莱布尼茨', '的', '原则', '假设', '了', '两', '个', '完全', '相似', '的', '个体', '概念', '是', '不', '可能', '的', '并且', '这', '反映', '了', '他', '对', '纯粹', '数量', '谓词', '允许', '完整', '个体', '概念', '保持', '纯粹', '质量', '性', '的', '观点', '通过', '这些', '讨论', '文档', '试图', '展示', '莱布尼茨', '哲学', '中', '关于', '物质', '和', 'PII', '的', '复杂', '关系', '并', '指出', '其', '中', '存在', '的', '潜在', '矛盾', '和', '问题']"
1,财务分析在企业经营与管理中的运用探究,这个文档的主要内容是什么？,"营风险ꎬ 从而提高企业市场竞争实力ꎬ 推动企业的健康

发展ꎮ

参考文献:

[１]钟能烽. 财务分析如何有效提升企业经营决策的探

讨[Ｊ].时代金融ꎬ２０１８(１１):２３５.

— ５８ —
化ꎬ保障企业健康发展ꎮ

计划经济转型全面推进ꎬ也逐步丰富了企业投资主体ꎬ

所以ꎬ财务分析能够当前市场经济模式下投资人对企业的

精准评估ꎬ从而有利于他们做出精准的决策ꎮ 企业管理者

利用财务分析工作对企业进行评估ꎬ从而正确的认识企业

发展现状ꎬ有助于更好地进行企业决策ꎮ 由此可见ꎬ财务分

析在企业发展决策中占据主导地位ꎬ不但能够帮助企业领

导分析企业的资产也负债情况、掌握企业资金情况和偿债

能力ꎬ同时也能够看清企业的基本结构ꎬ满足企业健康发展
析为企业决策提供支持ꎬ才能保障企业具有稳定收益ꎬ保障

企业的而健康发展ꎮ 由此可见ꎬ财务分析对于企业发展来

说是一个经营与财务状态评价的可靠依据ꎮ 基于我国近年

来经济形势的不断改革ꎬ政府也逐渐转变了企业管理策略ꎮ

企业决策者通过全面分析企业经营管理状态ꎬ分析企业财

务情况ꎬ可以准确地把握企业未来发展走向ꎬ及时做出全方

位的调控ꎮ 财务分析对于企业职能划分以及管理效果的提

升具有重要意义ꎮ 利用财务分析还可以完成决策和管理目
Ｃ财 会 管 理

ＡＩ ＫＵＡＩ ＧＵＡＮ ＬＩ

财务分析在企业经营与管理中的运用探究

谭姝琳

(西南交通大学希望学院ꎬ四川　 成都　 ６１００００)

摘　 要:基于我国经济水平不断提升ꎬ人们生活水平得到了极大改善ꎬ各大企业生产能力也得到了全面优化ꎮ 对于企业来

说ꎬ经营管理能力是决定企业生产与发展的重要因素ꎮ 为了满足企业在新时代环境下稳步发展ꎬ必须不断提升企业的核心

竞争力ꎬ采取科学的经营管理模式ꎬ构建企业完善的发展体系ꎮ 而财务分析在企业经营管理中发挥着重要作用ꎬ通过科学
主要因素ꎮ 只有全面做好财务分析工作ꎬ在进行企业融资

时ꎬ才能做出准确的决策ꎬ避免融资过程中出现各类风险ꎮ

对于企业的经营发展来说ꎬ其主要以营利为核心ꎬ围绕

核心开展企业的生产经营活动ꎮ 在现代经济背景下ꎬ企业

作为独立经营者ꎬ为了满足时代发展需求ꎬ顺应市场ꎬ必须

强化企业的经济实力ꎬ提高企业经济效益ꎮ 而盈利管理是

企业财务管理的一项重要内容ꎬ开展盈利管理设计复杂的

企业财务关系ꎬ同时在企业抽子活动中也占据着主导地位ꎬ

企业管理人员都和企业的盈余分配有着直接联系ꎬ这也是",这个文档的主要内容是讨论财务分析在企业经营与管理中的重要性。它强调了财务分析对企业决策、竞争实力提升、市场评估、资产负债管理、偿债能力分析、企业结构理解以及盈利管理等方面的作用。财务分析被认为是企业稳健发展和提升核心竞争力的关键工具，同时也是管理者进行企业评估和未来规划的基础。文档还提到了财务分析在应对市场经济环境下的投资决策、政府企业管理策略转变以及企业职能划分和管理效果提升中的作用。,"这个文档的主要内容是探讨财务分析在企业经营与管理中的应用和重要性。文档详细阐述了以下几个方面：

1. **财务分析概述**：财务分析是企业经营管理中获取财务信息、对财务数据进行收集与处理的重要工作。它包括对企业财务收入和支出等数据的分析，帮助管理者掌握企业发展现状，发现问题，并为决策提供支持。

2. **财务分析方式**：文档介绍了几种财务分析方法，包括比较分析法、比率分析法、趋势分析法和因素分析法，每种方法都有其特定的应用场景和目的。

3. **企业经营与管理概述**：讨论了企业经营管理的重要性，包括偿债能力、运营能力、盈利能力和发展能力的分析，这些都是企业竞争力的重要体现。

4. **财务分析在企业经营管理中的作用**：财务分析能够帮助企业准确预估经营风险，提供决策支持，优化经营模式，提高企业竞争力，并保障企业的健康发展。

5. **财务分析在企业经营管理中的实际应用**：文档提供了实际应用案例，说明如何通过财务分析提高企业的偿债能力、运营能力、盈利能力和发展能力。

6. **结语**：强调在当前经济环境下，企业为了提升市场竞争力和经营实力，必须通过财务分析来准确把握经营状态，合理规避风险，推动企业的健康发展。

文档还提到了财务分析对于企业决策的重要性，以及如何利用财务分析来优化企业的经营效率和盈利管理。

最后，文档列出了参考文献，提供了进一步阅读和研究的资源。",3.317408674324729,1.0,"{'陈述1': '文档主要关注财务分析在企业运营中的重要性。', '陈述2': '财务分析对企业的决策有影响。', '陈述3': '它有助于提升企业的竞争实力。', '陈述4': '财务分析用于市场评估和资产负债管理。', '陈述5': '文档涉及偿债能力分析和企业结构理解。', '陈述6': '盈利管理也是其主要内容。', '陈述7': '财务分析被视为企业稳健发展的关键工具。', '陈述8': '它是管理者评估企业并做未来规划的基础。', '陈述9': '财务分析在投资决策中应对市场经济环境', '陈述10': '它适应政府企业管理策略的变化', '陈述11': '财务分析还能优化企业职能划分和管理效果'}","{'陈述1': 1, '陈述2': 1, '陈述3': 1, '陈述4': 1, '陈述5': 1, '陈述6': 1, '陈述7': 1, '陈述8': 1, '陈述9': 1, '陈述10': 1, '陈述11': 1}",0.1,0.2,0.0,['财务分析在企业经营与管理中的重要作用，它能够提升企业的竞争力，保障企业健康发展，帮助管理者做出决策，评估企业财务状况，以及在经营管理、融资决策和盈利管理中发挥关键作用。'],0.7777777777777778,"['文档主要探讨财务分析在企业经营与管理中的应用和重要性。', '财务分析概述包括获取财务信息、处理数据,为管理者提供企业发展情况和决策支持。', '文档介绍了比较分析法、比率分析法、趋势分析法和因素分析法等财务分析方法。', '企业经营管理涵盖偿债、运营、盈利和发展能力的分析,反映企业竞争力。', '财务分析在企业中起到风险评估、决策支持、优化模式和保障健康发展的关键作用。', '文档通过实际案例展示财务分析在提升企业各方面能力的应用。', '财务分析对企业的决策制定和经营效率、盈利管理优化具有重要意义。', '在当前经济环境下,财务分析对企业竞争力提升至关重要。', '文档结尾提及了参考文献,供读者深入学习和研究。']","{'文档主要探讨财务分析在企业经营与管理中的应用和重要性。': 1, '财务分析概述包括获取财务信息、处理数据,为管理者提供企业发展情况和决策支持。': 1, '文档介绍了比较分析法、比率分析法、趋势分析法和因素分析法等财务分析方法。': 0, '企业经营管理涵盖偿债、运营、盈利和发展能力的分析,反映企业竞争力。': 1, '财务分析在企业中起到风险评估、决策支持、优化模式和保障健康发展的关键作用。': 1, '文档通过实际案例展示财务分析在提升企业各方面能力的应用。': 1, '财务分析对企业的决策制定和经营效率、盈利管理优化具有重要意义。': 1, '在当前经济环境下,财务分析对企业竞争力提升至关重要。': 1, '文档结尾提及了参考文献,供读者深入学习和研究。': 0}",0.27248287,"['财务分析在企业运营中的主要作用是什么？', '为什么财务分析被视为企业稳健发展的关键工具？', '财务分析如何帮助企业管理者进行决策和未来规划？', '财务分析在提升企业竞争实力方面的具体体现是什么？', '财务分析如何影响企业的市场评估和资产管理工作？', '在市场经济环境下,财务分析如何支持投资决策？', '政府企业管理策略转变中,财务分析起到什么作用？', '财务分析如何促进企业职能划分和管理效果的提升？']","[0.3553669  0.22641997 0.24436402 0.29402536 0.2576246  0.23890623
 0.26622584 0.29692996]",0.8356465991338093,0.7333333333333333,0.90385544,"{'TP': ['财务分析在企业经营与管理中的重要性', '财务分析对企业决策的作用', '提升企业竞争力', '市场评估', '资产负债管理', '偿债能力分析', '企业结构理解', '盈利管理', '应对市场经济环境下的投资决策', '政府企业管理策略转变', '企业职能划分和管理效果提升'], 'FP': ['财务分析概述', '财务分析方式', '企业经营与管理概述', '实际应用案例', '结语', '财务分析对于企业决策的重要性', '如何利用财务分析来优化企业的经营效率和盈利管理', '参考文献'], 'FN': []}",0.3315014254038644,0.3,0.36300285080772887,"['财务分析', '企业经营', '管理', '财务数据', '分析方法', '比较分析法', '比率分析法', '趋势分析法', '因素分析法', '偿债能力', '运营能力', '盈利能力', '发展能力', '决策支持', '经营风险', '经营效率', '盈利管理', '经济环境', '市场竞争力', '参考文献']","['财务分析', '企业经营', '管理', '偿债能力', '盈利管理', '经济环境']","['这个文档的主要内容是讨论财务分析在企业经营与管理中的重要性。', '它强调了财务分析对企业决策、竞争实力提升、市场评估、资产负债管理、偿债能力分析、企业结构理解以及盈利管理等方面的作用。', '财务分析被认为是企业稳健发展和提升核心竞争力的关键工具，同时也是管理者进行企业评估和未来规划的基础。', '文档还提到了财务分析在应对市场经济环境下的投资决策、政府企业管理策略转变以及企业职能划分和管理效果提升中的作用。']","['这个文档的主要内容是探讨财务分析在企业经营与管理中的应用和重要性。', '文档详细阐述了以下几个方面：', '1. **财务分析概述**：财务分析是企业经营管理中获取财务信息、对财务数据进行收集与处理的重要工作。', '它包括对企业财务收入和支出等数据的分析，帮助管理者掌握企业发展现状，发现问题，并为决策提供支持。', '2. **财务分析方式**：文档介绍了几种财务分析方法，包括比较分析法、比率分析法、趋势分析法和因素分析法，每种方法都有其特定的应用场景和目的。', '3. **企业经营与管理概述**：讨论了企业经营管理的重要性，包括偿债能力、运营能力、盈利能力和发展能力的分析，这些都是企业竞争力的重要体现。', '4. **财务分析在企业经营管理中的作用**：财务分析能够帮助企业准确预估经营风险，提供决策支持，优化经营模式，提高企业竞争力，并保障企业的健康发展。', '5. **财务分析在企业经营管理中的实际应用**：文档提供了实际应用案例，说明如何通过财务分析提高企业的偿债能力、运营能力、盈利能力和发展能力。', '6. **结语**：强调在当前经济环境下，企业为了提升市场竞争力和经营实力，必须通过财务分析来准确把握经营状态，合理规避风险，推动企业的健康发展。', '文档还提到了财务分析对于企业决策的重要性，以及如何利用财务分析来优化企业的经营效率和盈利管理。', '最后，文档列出了参考文献，提供了进一步阅读和研究的资源。']","['这个', '文档', '的', '主要', '内容', '是', '讨论', '财务', '分析', '在', '企业', '经营', '与', '管理', '中', '的', '重要性', '它', '强调', '了', '财务', '分析', '对', '企业', '决策', '竞争', '实力', '提升', '市场', '评估', '资产', '负债', '管理', '偿债', '能力', '分析', '企业', '结构', '理解', '以及', '盈利', '管理', '等', '方面', '的', '作用', '财务', '分析', '被', '认为', '是', '企业', '稳健', '发展', '和', '提升', '核心', '竞争力', '的', '关键', '工具', '同时', '也', '是', '管理者', '进行', '企业', '评估', '和', '未来', '规划', '的', '基础', '文档', '还', '提到', '了', '财务', '分析', '在', '应', '对', '市场经济', '环境', '下', '的', '投资', '决策', '政府', '企业', '管理', '策略', '转变', '以及', '企业', '职能', '划分', '和', '管理', '效果', '提升', '中', '的', '作用']","['这个', '文档', '的', '主要', '内容', '是', '探讨', '财务', '分析', '在', '企业', '经营', '与', '管理', '中', '的', '应用', '和', '重要性', '文档', '详细', '阐述', '了', '以下', '几', '个', '方面', '1.', '财务', '分析', '概述', '财务', '分析', '是', '企业', '经营', '管理', '中', '获取', '财务', '信息', '对', '财务', '数据', '进行', '收集', '与', '处理', '的', '重要', '工作', '它', '包括', '对', '企业', '财务', '收入', '和', '支出', '等', '数据', '的', '分析', '帮助', '管理者', '掌握', '企业', '发展', '现状', '发现', '问题', '并', '为', '决策', '提供', '支持', '2.', '财务', '分析', '方式', '文档', '介绍', '了', '几', '种', '财务', '分析', '方法', '包括', '比较', '分析', '法', '比率', '分析', '法', '趋势', '分析', '法', '和', '因素', '分析', '法', '每', '种', '方法', '都', '有', '其', '特定', '的', '应用', '场景', '和', '目的', '3.', '企业', '经营', '与', '管理', '概述', '讨论', '了', '企业', '经营', '管理', '的', '重要性', '包括', '偿债', '能力', '运营', '能力', '盈利', '能力', '和', '发展', '能力', '的', '分析', '这些', '都', '是', '企业', '竞争力', '的', '重要', '体现', '4.', '财务', '分析', '在', '企业', '经营', '管理', '中', '的', '作用', '财务', '分析', '能够', '帮助', '企业', '准确', '预估', '经营', '风险', '提供', '决策', '支持', '优化', '经营', '模式', '提高', '企业', '竞争力', '并', '保障', '企业', '的', '健康', '发展', '5.', '财务', '分析', '在', '企业', '经营', '管理', '中', '的', '实际', '应用', '文档', '提供', '了', '实际', '应用', '案例', '说明', '如何', '通过', '财务', '分析', '提高', '企业', '的', '偿债', '能力', '运营', '能力', '盈利', '能力', '和', '发展', '能力', '6.', '结语', '强调', '在', '当前', '经济', '环境', '下', '企业', '为了', '提升', '市场', '竞争力', '和', '经营', '实力', '必须', '通过', '财务', '分析', '来', '准确', '把握', '经营', '状态', '合理', '规避', '风险', '推动', '企业', '的', '健康', '发展', '文档', '还', '提到', '了', '财务', '分析', '对于', '企业', '决策', '的', '重要性', '以及', '如何', '利用', '财务', '分析', '来', '优化', '企业', '的', '经营', '效率', '和', '盈利', '管理', '最后', '文档', '列出', '了', '参考', '文献', '提供', '了', '进一步', '阅读', '和', '研究', '的', '资源']"
